cine

-- Base de datos: Cinecinefs
-- Motor sugerido: MySQL 8+
DROP DATABASE IF EXISTS cine;
CREATE DATABASE cine CHARACTER SET utf8mb4 COLLATE utf8mb4_unicode_ci;
USE cine;


CREATE TABLE sucursales (
    id INT AUTO_INCREMENT PRIMARY KEY,
    nombre VARCHAR(100) NOT NULL,
    telefono VARCHAR(20) NOT NULL,
    email VARCHAR(120) NOT NULL,
    calle VARCHAR(120) NOT NULL,
    numero VARCHAR(20) NOT NULL,
    colonia VARCHAR(80) NOT NULL,
    ciudad VARCHAR(80) NOT NULL,
    estado VARCHAR(80) NOT NULL,
    codigo_postal VARCHAR(10) NOT NULL,
    fecha_apertura DATE NOT NULL,
    activa TINYINT(1) NOT NULL
);


CREATE TABLE empleados (
    id INT AUTO_INCREMENT PRIMARY KEY,
    sucursal_id INT NOT NULL,
    nombre VARCHAR(80) NOT NULL,
    apellido_paterno VARCHAR(80) NOT NULL,
    apellido_materno VARCHAR(80) NOT NULL,
    puesto VARCHAR(80) NOT NULL,
    telefono VARCHAR(20) NOT NULL,
    email VARCHAR(120) NOT NULL,
    fecha_ingreso DATE NOT NULL,
    salario DECIMAL(10,2) NOT NULL,
    turno VARCHAR(30) NOT NULL,
    estatus VARCHAR(20) NOT NULL,
    FOREIGN KEY (sucursal_id) REFERENCES sucursales(id)
);


CREATE TABLE clientes (
    id INT AUTO_INCREMENT PRIMARY KEY,
    nombre VARCHAR(80) NOT NULL,
    apellido_paterno VARCHAR(80) NOT NULL,
    apellido_materno VARCHAR(80) NOT NULL,
    telefono VARCHAR(20) NOT NULL,
    email VARCHAR(120) NOT NULL,
    calle VARCHAR(120) NOT NULL,
    numero VARCHAR(20) NOT NULL,
    colonia VARCHAR(80) NOT NULL,
    ciudad VARCHAR(80) NOT NULL,
    fecha_registro DATE NOT NULL,
    puntos INT NOT NULL
);


CREATE TABLE proveedores (
    id INT AUTO_INCREMENT PRIMARY KEY,
    nombre_comercial VARCHAR(120) NOT NULL,
    contacto_nombre VARCHAR(120) NOT NULL,
    telefono VARCHAR(20) NOT NULL,
    email VARCHAR(120) NOT NULL,
    calle VARCHAR(120) NOT NULL,
    numero VARCHAR(20) NOT NULL,
    colonia VARCHAR(80) NOT NULL,
    ciudad VARCHAR(80) NOT NULL,
    rfc VARCHAR(20) NOT NULL,
    dias_credito INT NOT NULL,
    estatus VARCHAR(20) NOT NULL
);


CREATE TABLE productos (
    id INT AUTO_INCREMENT PRIMARY KEY,
    proveedor_id INT NOT NULL,
    categoria VARCHAR(80) NOT NULL,
    codigo_barras VARCHAR(30) NOT NULL,
    nombre VARCHAR(150) NOT NULL,
    descripcion VARCHAR(255) NOT NULL,
    marca VARCHAR(80) NOT NULL,
    unidad_medida VARCHAR(30) NOT NULL,
    costo DECIMAL(10,2) NOT NULL,
    precio DECIMAL(10,2) NOT NULL,
    stock INT NOT NULL,
    stock_minimo INT NOT NULL,
    fecha_caducidad DATE NULL,
    activo TINYINT(1) NOT NULL,
    FOREIGN KEY (proveedor_id) REFERENCES proveedores(id)
);


CREATE TABLE ventas (
    id INT AUTO_INCREMENT PRIMARY KEY,
    sucursal_id INT NOT NULL,
    empleado_id INT NOT NULL,
    cliente_id INT NOT NULL,
    folio VARCHAR(30) NOT NULL,
    fecha_venta DATETIME NOT NULL,
    metodo_pago VARCHAR(40) NOT NULL,
    subtotal DECIMAL(10,2) NOT NULL,
    descuento DECIMAL(10,2) NOT NULL,
    impuesto DECIMAL(10,2) NOT NULL,
    total DECIMAL(10,2) NOT NULL,
    estatus VARCHAR(20) NOT NULL,
    FOREIGN KEY (sucursal_id) REFERENCES sucursales(id),
    FOREIGN KEY (empleado_id) REFERENCES empleados(id),
    FOREIGN KEY (cliente_id) REFERENCES clientes(id)
);


CREATE TABLE detalle_venta (
    id INT AUTO_INCREMENT PRIMARY KEY,
    venta_id INT NOT NULL,
    producto_id INT NOT NULL,
    cantidad INT NOT NULL,
    precio_unitario DECIMAL(10,2) NOT NULL,
    descuento DECIMAL(10,2) NOT NULL,
    impuesto DECIMAL(10,2) NOT NULL,
    subtotal DECIMAL(10,2) NOT NULL,
    observaciones VARCHAR(150) NOT NULL,
    entregado TINYINT(1) NOT NULL,
    FOREIGN KEY (venta_id) REFERENCES ventas(id),
    FOREIGN KEY (producto_id) REFERENCES productos(id)
);

INSERT INTO sucursales (id, nombre, telefono, email, calle, numero, colonia, ciudad, estado, codigo_postal, fecha_apertura, activa) VALUES
  (1, 'Sucursal Universidad 1', '6625339457', 'sucursal1@cine.com', 'Av. Central', '3000', 'Colonia 22', 'Cananea', 'Sinaloa', '85680', '2018-01-31', 1),
  (2, 'Sucursal Sur 2', '6624746820', 'sucursal2@cine.com', 'Calle Reforma', '6890', 'Colonia 22', 'Hermosillo', 'Sinaloa', '84522', '2018-03-02', 1),
  (3, 'Sucursal Plaza 3', '6622976045', 'sucursal3@cine.com', 'Blvd. Tecnológico', '880', 'Colonia 38', 'Navojoa', 'Chihuahua', '85376', '2018-04-01', 1),
  (4, 'Sucursal Norte 4', '6629396617', 'sucursal4@cine.com', 'Calle Hidalgo', '6254', 'Colonia 34', 'Hermosillo', 'Baja California', '84222', '2018-05-01', 1),
  (5, 'Sucursal Norte 5', '6623304606', 'sucursal5@cine.com', 'Av. Universidad', '5615', 'Colonia 27', 'Magdalena', 'Sonora', '85332', '2018-05-31', 1),
  (6, 'Sucursal Sur 6', '6624025884', 'sucursal6@cine.com', 'Calle Hidalgo', '7989', 'Colonia 22', 'Cananea', 'Sinaloa', '85584', '2018-06-30', 1),
  (7, 'Sucursal Universidad 7', '6621973306', 'sucursal7@cine.com', 'Av. Juárez', '7407', 'Colonia 18', 'Guaymas', 'Chihuahua', '83857', '2018-07-30', 1),
  (8, 'Sucursal Plaza 8', '6622477088', 'sucursal8@cine.com', 'Blvd. Morelos', '7106', 'Colonia 28', 'Guaymas', 'Sinaloa', '84652', '2018-08-29', 1),
  (9, 'Sucursal Plaza 9', '6621078335', 'sucursal9@cine.com', 'Av. Juárez', '8746', 'Colonia 13', 'Magdalena', 'Baja California', '85992', '2018-09-28', 0),
  (10, 'Sucursal Sur 10', '6629909268', 'sucursal10@cine.com', 'Av. Universidad', '294', 'Colonia 1', 'Caborca', 'Sonora', '85566', '2018-10-28', 1),
  (11, 'Sucursal Universidad 11', '6626777230', 'sucursal11@cine.com', 'Calle Reforma', '2113', 'Colonia 7', 'Cajeme', 'Sinaloa', '84571', '2018-11-27', 1),
  (12, 'Sucursal Centro 12', '6621767026', 'sucursal12@cine.com', 'Calle Reforma', '4765', 'Colonia 30', 'Navojoa', 'Sinaloa', '85981', '2018-12-27', 1),
  (13, 'Sucursal Universidad 13', '6623244614', 'sucursal13@cine.com', 'Av. Insurgentes', '8032', 'Colonia 23', 'Caborca', 'Baja California', '83771', '2019-01-26', 1),
  (14, 'Sucursal Centro 14', '6624832222', 'sucursal14@cine.com', 'Av. Universidad', '2150', 'Colonia 14', 'Guaymas', 'Baja California', '83089', '2019-02-25', 1),
  (15, 'Sucursal Sur 15', '6621626854', 'sucursal15@cine.com', 'Calle 5 de Mayo', '4191', 'Colonia 35', 'Guaymas', 'Sonora', '85552', '2019-03-27', 1),
  (16, 'Sucursal Universidad 16', '6622813842', 'sucursal16@cine.com', 'Av. Juárez', '791', 'Colonia 8', 'Nogales', 'Sonora', '84707', '2019-04-26', 1),
  (17, 'Sucursal Centro 17', '6625240244', 'sucursal17@cine.com', 'Blvd. Tecnológico', '2509', 'Colonia 14', 'Cananea', 'Baja California', '85847', '2019-05-26', 1),
  (18, 'Sucursal Plaza 18', '6622694160', 'sucursal18@cine.com', 'Av. Central', '4424', 'Colonia 40', 'Nogales', 'Chihuahua', '85480', '2019-06-25', 0),
  (19, 'Sucursal Centro 19', '6629582968', 'sucursal19@cine.com', 'Calle Sonora', '1929', 'Colonia 19', 'Guaymas', 'Baja California', '83466', '2019-07-25', 1),
  (20, 'Sucursal Norte 20', '6624351238', 'sucursal20@cine.com', 'Calle Reforma', '8572', 'Colonia 13', 'Hermosillo', 'Baja California', '84466', '2019-08-24', 1),
  (21, 'Sucursal Norte 21', '6621661118', 'sucursal21@cine.com', 'Av. Central', '8133', 'Colonia 14', 'Magdalena', 'Chihuahua', '85818', '2019-09-23', 1),
  (22, 'Sucursal Norte 22', '6621045936', 'sucursal22@cine.com', 'Av. Juárez', '1459', 'Colonia 8', 'Cananea', 'Chihuahua', '85351', '2019-10-23', 1),
  (23, 'Sucursal Centro 23', '6629584991', 'sucursal23@cine.com', 'Calle Hidalgo', '1660', 'Colonia 17', 'Cananea', 'Sinaloa', '85639', '2019-11-22', 1),
  (24, 'Sucursal Sur 24', '6625431282', 'sucursal24@cine.com', 'Blvd. Tecnológico', '821', 'Colonia 7', 'Cajeme', 'Baja California', '83715', '2019-12-22', 1),
  (25, 'Sucursal Sur 25', '6626246354', 'sucursal25@cine.com', 'Calle 5 de Mayo', '1899', 'Colonia 7', 'Nogales', 'Chihuahua', '83187', '2020-01-21', 1),
  (26, 'Sucursal Universidad 26', '6623860721', 'sucursal26@cine.com', 'Av. Insurgentes', '5858', 'Colonia 29', 'Nogales', 'Sinaloa', '85546', '2020-02-20', 1),
  (27, 'Sucursal Sur 27', '6626749933', 'sucursal27@cine.com', 'Blvd. Morelos', '1866', 'Colonia 26', 'Navojoa', 'Sonora', '84639', '2020-03-21', 0),
  (28, 'Sucursal Plaza 28', '6629023619', 'sucursal28@cine.com', 'Calle 5 de Mayo', '2733', 'Colonia 8', 'Cananea', 'Chihuahua', '83542', '2020-04-20', 1),
  (29, 'Sucursal Centro 29', '6627979786', 'sucursal29@cine.com', 'Calle Sonora', '7909', 'Colonia 37', 'Nogales', 'Sinaloa', '85778', '2020-05-20', 1),
  (30, 'Sucursal Industrial 30', '6627371160', 'sucursal30@cine.com', 'Av. Insurgentes', '473', 'Colonia 9', 'Cananea', 'Sinaloa', '84978', '2020-06-19', 1);

INSERT INTO empleados (id, sucursal_id, nombre, apellido_paterno, apellido_materno, puesto, telefono, email, fecha_ingreso, salario, turno, estatus) VALUES
  (1, 15, 'Alejandra', 'Martínez', 'Torres', 'Gerente', '6622062602', 'alejandra.martinez34@empresa.mx', '2020-01-26', 8666.86, 'Mixto', 'Activo'),
  (2, 17, 'Roberto', 'Sánchez', 'Flores', 'Almacén', '6622597897', 'roberto.sanchez56@mail.com', '2020-02-20', 15006.05, 'Mixto', 'Activo'),
  (3, 1, 'Fernando', 'González', 'Hernández', 'Auxiliar', '6623632804', 'fernando.gonzalez65@negocio.com.mx', '2020-03-16', 20000.26, 'Matutino', 'Activo'),
  (4, 8, 'José', 'Morales', 'Flores', 'Vendedor', '6625666702', 'jose.morales7@ejemplo.mx', '2020-04-10', 11506.54, 'Mixto', 'Activo'),
  (5, 3, 'Fernando', 'Vargas', 'Sánchez', 'Supervisor', '6628452252', 'fernando.vargas74@negocio.com.mx', '2020-05-05', 9688.27, 'Vespertino', 'Activo'),
  (6, 16, 'Héctor', 'Flores', 'Martínez', 'Auxiliar', '6621298116', 'hector.flores14@negocio.com.mx', '2020-05-30', 14066.57, 'Mixto', 'Activo'),
  (7, 26, 'Mónica', 'García', 'López', 'Almacén', '6626110305', 'monica.garcia66@ejemplo.mx', '2020-06-24', 11292.49, 'Mixto', 'Activo'),
  (8, 27, 'Héctor', 'Flores', 'Gómez', 'Gerente', '6624739945', 'hector.flores59@empresa.mx', '2020-07-19', 16062.04, 'Mixto', 'Activo'),
  (9, 23, 'Paola', 'Morales', 'Gómez', 'Supervisor', '6622912994', 'paola.morales13@mail.com', '2020-08-13', 8529.66, 'Vespertino', 'Activo'),
  (10, 2, 'Patricia', 'Gómez', 'Martínez', 'Cajero', '6629261472', 'patricia.gomez18@negocio.com.mx', '2020-09-07', 9943.98, 'Mixto', 'Activo'),
  (11, 30, 'Miguel', 'Rodríguez', 'Martínez', 'Supervisor', '6624616991', 'miguel.rodriguez59@mail.com', '2020-10-02', 18176.64, 'Matutino', 'Baja'),
  (12, 25, 'Daniela', 'Hernández', 'Martínez', 'Supervisor', '6628673695', 'daniela.hernandez85@ejemplo.mx', '2020-10-27', 21408.57, 'Matutino', 'Activo'),
  (13, 18, 'Alejandra', 'García', 'Hernández', 'Supervisor', '6629102253', 'alejandra.garcia66@mail.com', '2020-11-21', 17839.54, 'Matutino', 'Activo'),
  (14, 22, 'Luis', 'Martínez', 'Vargas', 'Almacén', '6626399642', 'luis.martinez65@negocio.com.mx', '2020-12-16', 14151.97, 'Mixto', 'Activo'),
  (15, 11, 'Lucía', 'Ramírez', 'Vargas', 'Vendedor', '6628597490', 'lucia.ramirez18@mail.com', '2021-01-10', 14072.06, 'Mixto', 'Activo'),
  (16, 23, 'Roberto', 'Cruz', 'Flores', 'Auxiliar', '6624646403', 'roberto.cruz26@mail.com', '2021-02-04', 16926.26, 'Vespertino', 'Activo'),
  (17, 17, 'Adriana', 'González', 'Pérez', 'Almacén', '6626408662', 'adriana.gonzalez91@correo.com', '2021-03-01', 18770.46, 'Mixto', 'Activo'),
  (18, 29, 'Alejandra', 'Torres', 'Cruz', 'Supervisor', '6621214253', 'alejandra.torres67@correo.com', '2021-03-26', 8841.17, 'Matutino', 'Activo'),
  (19, 9, 'María', 'Hernández', 'Rodríguez', 'Cajero', '6625808610', 'maria.hernandez88@empresa.mx', '2021-04-20', 10476.78, 'Matutino', 'Activo'),
  (20, 12, 'Patricia', 'Rodríguez', 'Hernández', 'Supervisor', '6622719329', 'patricia.rodriguez79@ejemplo.mx', '2021-05-15', 20175.36, 'Mixto', 'Activo'),
  (21, 17, 'Mónica', 'Vargas', 'Sánchez', 'Auxiliar', '6625825775', 'monica.vargas89@correo.com', '2021-06-09', 21007.54, 'Vespertino', 'Activo'),
  (22, 1, 'Daniela', 'Flores', 'Hernández', 'Auxiliar', '6625216804', 'daniela.flores26@ejemplo.mx', '2021-07-04', 20229.47, 'Vespertino', 'Baja'),
  (23, 25, 'Lucía', 'Gómez', 'Rodríguez', 'Auxiliar', '6624246352', 'lucia.gomez38@negocio.com.mx', '2021-07-29', 10895.25, 'Mixto', 'Activo'),
  (24, 24, 'José', 'Pérez', 'Pérez', 'Almacén', '6623002424', 'jose.perez49@correo.com', '2021-08-23', 14284.86, 'Mixto', 'Activo'),
  (25, 19, 'Carlos', 'González', 'Pérez', 'Vendedor', '6621094709', 'carlos.gonzalez43@negocio.com.mx', '2021-09-17', 18080.81, 'Matutino', 'Activo'),
  (26, 20, 'María', 'González', 'Flores', 'Gerente', '6626052539', 'maria.gonzalez63@ejemplo.mx', '2021-10-12', 15927.16, 'Matutino', 'Activo'),
  (27, 17, 'Javier', 'Sánchez', 'Pérez', 'Gerente', '6629474848', 'javier.sanchez21@negocio.com.mx', '2021-11-06', 15831.58, 'Vespertino', 'Activo'),
  (28, 29, 'José', 'Gómez', 'Sánchez', 'Cajero', '6626568081', 'jose.gomez43@empresa.mx', '2021-12-01', 12463.25, 'Mixto', 'Activo'),
  (29, 4, 'Roberto', 'Morales', 'García', 'Auxiliar', '6626805039', 'roberto.morales58@mail.com', '2021-12-26', 20710.70, 'Mixto', 'Activo'),
  (30, 22, 'Paola', 'Sánchez', 'Hernández', 'Vendedor', '6627398370', 'paola.sanchez15@negocio.com.mx', '2022-01-20', 11963.97, 'Mixto', 'Activo');

INSERT INTO clientes (id, nombre, apellido_paterno, apellido_materno, telefono, email, calle, numero, colonia, ciudad, fecha_registro, puntos) VALUES
  (1, 'Andrés', 'Lara', 'García', '6629671603', 'andres.lara99@empresa.mx', 'Av. Central', '8336', 'Colonia 29', 'Cananea', '2023-01-18', 89),
  (2, 'Andrés', 'Lara', 'Rodríguez', '6626373956', 'andres.lara66@correo.com', 'Calle Hidalgo', '2743', 'Colonia 50', 'Nogales', '2023-02-04', 134),
  (3, 'Camila', 'Reyes', 'Rodríguez', '6628117053', 'camila.reyes14@mail.com', 'Av. Central', '7131', 'Colonia 42', 'Hermosillo', '2023-02-21', 314),
  (4, 'Fernando', 'Gil', 'Reyes', '6626565260', 'fernando.gil5@correo.com', 'Calle Hidalgo', '890', 'Colonia 12', 'Navojoa', '2023-03-10', 1142),
  (5, 'Valeria', 'Núñez', 'Sánchez', '6625339392', 'valeria.nunez53@negocio.com.mx', 'Blvd. Tecnológico', '6627', 'Colonia 28', 'Caborca', '2023-03-27', 34),
  (6, 'Raúl', 'Cárdenas', 'Martínez', '6629973031', 'raul.cardenas1@ejemplo.mx', 'Calle Hidalgo', '9595', 'Colonia 3', 'Hermosillo', '2023-04-13', 732),
  (7, 'Valeria', 'Núñez', 'Cruz', '6626055825', 'valeria.nunez78@correo.com', 'Calle Reforma', '7171', 'Colonia 25', 'Magdalena', '2023-04-30', 63),
  (8, 'Ximena', 'Peña', 'Pérez', '6629950103', 'ximena.pena29@mail.com', 'Calle 5 de Mayo', '8942', 'Colonia 19', 'Guaymas', '2023-05-17', 610),
  (9, 'Diana', 'Solís', 'García', '6623371859', 'diana.solis16@correo.com', 'Av. Juárez', '9384', 'Colonia 39', 'Magdalena', '2023-06-03', 1100),
  (10, 'Valeria', 'Núñez', 'Cruz', '6624524102', 'valeria.nunez96@empresa.mx', 'Av. Universidad', '6761', 'Colonia 42', 'Guaymas', '2023-06-20', 329),
  (11, 'José', 'Tapia', 'Sánchez', '6625240303', 'jose.tapia25@correo.com', 'Blvd. Morelos', '9295', 'Colonia 4', 'Cananea', '2023-07-07', 1125),
  (12, 'Valeria', 'Núñez', 'Cruz', '6622130159', 'valeria.nunez33@correo.com', 'Av. Universidad', '9513', 'Colonia 32', 'Caborca', '2023-07-24', 731),
  (13, 'José', 'Tapia', 'Sánchez', '6622678477', 'jose.tapia37@ejemplo.mx', 'Calle Hidalgo', '3171', 'Colonia 21', 'Cananea', '2023-08-10', 922),
  (14, 'Diana', 'Solís', 'Cruz', '6623556763', 'diana.solis73@ejemplo.mx', 'Av. Insurgentes', '5183', 'Colonia 28', 'Guaymas', '2023-08-27', 9),
  (15, 'Diana', 'Solís', 'Sánchez', '6624716584', 'diana.solis92@negocio.com.mx', 'Calle Reforma', '5890', 'Colonia 9', 'Caborca', '2023-09-13', 982),
  (16, 'Ximena', 'Peña', 'Reyes', '6627018685', 'ximena.pena40@negocio.com.mx', 'Av. Central', '1784', 'Colonia 12', 'Hermosillo', '2023-09-30', 574),
  (17, 'José', 'Tapia', 'Rodríguez', '6625416344', 'jose.tapia94@correo.com', 'Calle Hidalgo', '306', 'Colonia 33', 'Nogales', '2023-10-17', 1191),
  (18, 'Raúl', 'Cárdenas', 'Rodríguez', '6621614990', 'raul.cardenas71@empresa.mx', 'Av. Central', '8843', 'Colonia 31', 'Guaymas', '2023-11-03', 749),
  (19, 'Raúl', 'Cárdenas', 'Sánchez', '6625882155', 'raul.cardenas18@negocio.com.mx', 'Av. Central', '8363', 'Colonia 6', 'Magdalena', '2023-11-20', 745),
  (20, 'Fernando', 'Gil', 'Sánchez', '6623782393', 'fernando.gil97@ejemplo.mx', 'Blvd. Morelos', '7311', 'Colonia 11', 'Guaymas', '2023-12-07', 1159),
  (21, 'José', 'Tapia', 'Morales', '6627019590', 'jose.tapia6@mail.com', 'Blvd. Tecnológico', '3797', 'Colonia 5', 'Navojoa', '2023-12-24', 756),
  (22, 'Camila', 'Reyes', 'Hernández', '6624469093', 'camila.reyes67@empresa.mx', 'Calle 5 de Mayo', '7696', 'Colonia 30', 'Nogales', '2024-01-10', 81),
  (23, 'Diana', 'Solís', 'Martínez', '6629747185', 'diana.solis82@empresa.mx', 'Calle Reforma', '9481', 'Colonia 35', 'Guaymas', '2024-01-27', 771),
  (24, 'Raúl', 'Cárdenas', 'Gómez', '6622305896', 'raul.cardenas67@empresa.mx', 'Calle 5 de Mayo', '3652', 'Colonia 34', 'Magdalena', '2024-02-13', 722),
  (25, 'Diana', 'Solís', 'Morales', '6629088465', 'diana.solis78@correo.com', 'Av. Central', '2277', 'Colonia 29', 'Guaymas', '2024-03-01', 471),
  (26, 'Valeria', 'Núñez', 'Ramírez', '6624548668', 'valeria.nunez20@mail.com', 'Blvd. Morelos', '5935', 'Colonia 39', 'Hermosillo', '2024-03-18', 471),
  (27, 'Raúl', 'Cárdenas', 'Flores', '6622901507', 'raul.cardenas62@negocio.com.mx', 'Blvd. Tecnológico', '3453', 'Colonia 38', 'Guaymas', '2024-04-04', 841),
  (28, 'Fernando', 'Gil', 'Sánchez', '6621723841', 'fernando.gil17@ejemplo.mx', 'Calle Sonora', '2640', 'Colonia 9', 'Nogales', '2024-04-21', 1172),
  (29, 'José', 'Tapia', 'Hernández', '6623790745', 'jose.tapia34@mail.com', 'Av. Central', '6643', 'Colonia 39', 'Nogales', '2024-05-08', 580),
  (30, 'Valeria', 'Núñez', 'Rodríguez', '6628536381', 'valeria.nunez78@negocio.com.mx', 'Blvd. Tecnológico', '2795', 'Colonia 15', 'Magdalena', '2024-05-25', 292);

INSERT INTO proveedores (id, nombre_comercial, contacto_nombre, telefono, email, calle, numero, colonia, ciudad, rfc, dias_credito, estatus) VALUES
  (1, 'Palomitas del Norte 1', 'Carmen Ramírez', '6623813903', 'palomitas.del.norte.193@empresa.mx', 'Blvd. Tecnológico', '9774', 'Parque 19', 'Hermosillo', 'RFC34097701', 45, 'Activo'),
  (2, 'Merch Studio 2', 'Luis Martínez', '6621277874', 'merch.studio.226@ejemplo.mx', 'Av. Central', '6878', 'Parque 5', 'Hermosillo', 'RFC28604002', 45, 'Activo'),
  (3, 'Palomitas del Norte 3', 'Paola Hernández', '6629915915', 'palomitas.del.norte.365@correo.com', 'Calle Hidalgo', '7902', 'Parque 5', 'Nogales', 'RFC91251003', 45, 'Activo'),
  (4, 'Palomitas del Norte 4', 'Daniela Gómez', '6621728773', 'palomitas.del.norte.490@ejemplo.mx', 'Calle 5 de Mayo', '3760', 'Parque 16', 'Magdalena', 'RFC46754404', 7, 'Activo'),
  (5, 'Merch Studio 5', 'Luis Ramírez', '6629005101', 'merch.studio.599@mail.com', 'Calle Hidalgo', '4642', 'Parque 20', 'Magdalena', 'RFC37032805', 15, 'Activo'),
  (6, 'SnackCinema 6', 'Juan Martínez', '6629720156', 'snackcinema.61@negocio.com.mx', 'Av. Universidad', '5176', 'Parque 14', 'Caborca', 'RFC21176006', 15, 'Activo'),
  (7, 'Merch Studio 7', 'Eduardo Ramírez', '6625383935', 'merch.studio.769@negocio.com.mx', 'Calle Sonora', '5991', 'Parque 20', 'Navojoa', 'RFC81366607', 45, 'Activo'),
  (8, 'Distribuidora de Películas MX 8', 'Daniela Morales', '6623998417', 'distribuidora.de.peliculas.mx.848@ejemplo.mx', 'Av. Central', '7926', 'Parque 9', 'Navojoa', 'RFC70571108', 30, 'Activo'),
  (9, 'Eventos VIP 9', 'Fernando González', '6622997927', 'eventos.vip.996@mail.com', 'Blvd. Tecnológico', '2651', 'Parque 4', 'Cajeme', 'RFC63303609', 45, 'Activo'),
  (10, 'Bebidas Plaza 10', 'Mónica Hernández', '6623696736', 'bebidas.plaza.1050@correo.com', 'Calle Hidalgo', '2382', 'Parque 16', 'Magdalena', 'RFC19242210', 7, 'Suspendido'),
  (11, 'Bebidas Plaza 11', 'Lucía Gómez', '6622342843', 'bebidas.plaza.1178@correo.com', 'Calle 5 de Mayo', '6565', 'Parque 20', 'Navojoa', 'RFC84617211', 7, 'Activo'),
  (12, 'Distribuidora de Películas MX 12', 'Alejandra Reyes', '6621179690', 'distribuidora.de.peliculas.mx.1226@ejemplo.mx', 'Calle Reforma', '3191', 'Parque 2', 'Cajeme', 'RFC74507312', 15, 'Activo'),
  (13, 'Eventos VIP 13', 'María Gómez', '6625014060', 'eventos.vip.1384@correo.com', 'Blvd. Morelos', '1423', 'Parque 9', 'Magdalena', 'RFC47028113', 45, 'Activo'),
  (14, 'Merch Studio 14', 'Eduardo Rodríguez', '6629686281', 'merch.studio.142@correo.com', 'Calle Hidalgo', '9005', 'Parque 10', 'Caborca', 'RFC46435414', 30, 'Activo'),
  (15, 'Distribuidora de Películas MX 15', 'Paola Rodríguez', '6628629590', 'distribuidora.de.peliculas.mx.1552@ejemplo.mx', 'Av. Juárez', '4278', 'Parque 6', 'Magdalena', 'RFC63082915', 7, 'Activo'),
  (16, 'Palomitas del Norte 16', 'José Cruz', '6626703681', 'palomitas.del.norte.1615@ejemplo.mx', 'Calle Reforma', '8814', 'Parque 19', 'Navojoa', 'RFC82791216', 45, 'Activo'),
  (17, 'Merch Studio 17', 'Eduardo Morales', '6625081447', 'merch.studio.1797@empresa.mx', 'Blvd. Tecnológico', '7549', 'Parque 19', 'Nogales', 'RFC60538217', 7, 'Activo'),
  (18, 'Bebidas Plaza 18', 'José Vargas', '6624697401', 'bebidas.plaza.1887@mail.com', 'Av. Insurgentes', '6758', 'Parque 12', 'Nogales', 'RFC83486118', 30, 'Activo'),
  (19, 'Distribuidora de Películas MX 19', 'Patricia López', '6627692945', 'distribuidora.de.peliculas.mx.1987@empresa.mx', 'Calle Hidalgo', '9086', 'Parque 6', 'Cananea', 'RFC42911919', 30, 'Activo'),
  (20, 'Distribuidora de Películas MX 20', 'Eduardo Ramírez', '6624066614', 'distribuidora.de.peliculas.mx.2096@mail.com', 'Blvd. Tecnológico', '3272', 'Parque 8', 'Cajeme', 'RFC37829720', 15, 'Suspendido'),
  (21, 'Distribuidora de Películas MX 21', 'Miguel Sánchez', '6626973148', 'distribuidora.de.peliculas.mx.2120@correo.com', 'Calle Hidalgo', '1286', 'Parque 16', 'Nogales', 'RFC90136821', 7, 'Activo'),
  (22, 'Merch Studio 22', 'Adriana Flores', '6629260100', 'merch.studio.2274@empresa.mx', 'Blvd. Tecnológico', '2997', 'Parque 17', 'Navojoa', 'RFC51720622', 15, 'Activo'),
  (23, 'Palomitas del Norte 23', 'Luis Hernández', '6629820377', 'palomitas.del.norte.2355@negocio.com.mx', 'Av. Central', '534', 'Parque 17', 'Caborca', 'RFC51284223', 15, 'Activo'),
  (24, 'Merch Studio 24', 'Ana Reyes', '6626295749', 'merch.studio.2489@correo.com', 'Av. Juárez', '3453', 'Parque 13', 'Hermosillo', 'RFC44124424', 30, 'Activo'),
  (25, 'Palomitas del Norte 25', 'Carlos Pérez', '6625409875', 'palomitas.del.norte.2531@empresa.mx', 'Blvd. Tecnológico', '5622', 'Parque 12', 'Guaymas', 'RFC62299825', 45, 'Activo'),
  (26, 'Distribuidora de Películas MX 26', 'Daniela Gómez', '6627124992', 'distribuidora.de.peliculas.mx.2652@empresa.mx', 'Blvd. Tecnológico', '2948', 'Parque 19', 'Guaymas', 'RFC70386726', 15, 'Activo'),
  (27, 'SnackCinema 27', 'Carlos Sánchez', '6628251427', 'snackcinema.2749@mail.com', 'Blvd. Morelos', '2451', 'Parque 16', 'Nogales', 'RFC28518627', 45, 'Activo'),
  (28, 'Merch Studio 28', 'Luis Flores', '6629164132', 'merch.studio.2839@empresa.mx', 'Av. Central', '9304', 'Parque 2', 'Magdalena', 'RFC20378228', 15, 'Activo'),
  (29, 'SnackCinema 29', 'Miguel Ramírez', '6628995004', 'snackcinema.2981@correo.com', 'Blvd. Tecnológico', '5484', 'Parque 9', 'Caborca', 'RFC47780829', 30, 'Activo'),
  (30, 'Bebidas Plaza 30', 'Juan Torres', '6623034027', 'bebidas.plaza.3045@ejemplo.mx', 'Av. Universidad', '9452', 'Parque 19', 'Guaymas', 'RFC91821330', 30, 'Suspendido');

INSERT INTO productos (id, proveedor_id, categoria, codigo_barras, nombre, descripcion, marca, unidad_medida, costo, precio, stock, stock_minimo, fecha_caducidad, activo) VALUES
  (1, 16, 'Merchandise', '750579887555', 'Boleto sala tradicional', 'Servicio de ejemplo para cine, registro 1', 'Marca A', 'pieza', 219.51, 370.44, 107, 12, NULL, 1),
  (2, 28, 'Combos', '750787818236', 'Boleto sala VIP', 'Servicio de ejemplo para cine, registro 2', 'Marca B', 'boleto', 283.61, 530.86, 117, 15, NULL, 1),
  (3, 6, 'Snacks', '750345047145', 'Combo palomitas grande', 'Servicio de ejemplo para cine, registro 3', 'Marca C', 'boleto', 510.85, 662.25, 91, 12, NULL, 1),
  (4, 13, 'Snacks', '750577706000', 'Refresco jumbo', 'Servicio de ejemplo para cine, registro 4', 'Marca D', 'boleto', 429.16, 705.32, 201, 19, NULL, 1),
  (5, 6, 'Boletos', '750234260583', 'Nachos con queso', 'Servicio de ejemplo para cine, registro 5', 'Marca E', 'combo', 579.66, 880.56, 179, 11, NULL, 1),
  (6, 3, 'Combos', '750279218750', 'Hot dog', 'Servicio de ejemplo para cine, registro 6', 'Marca F', 'vaso', 564.86, 963.34, 36, 6, NULL, 1),
  (7, 18, 'Boletos', '750128309105', 'Palomitas medianas', 'Servicio de ejemplo para cine, registro 7', 'Marca G', 'vaso', 47.64, 86.76, 144, 5, NULL, 1),
  (8, 3, 'Merchandise', '750518594177', 'Chocolate importado', 'Servicio de ejemplo para cine, registro 8', 'Marca H', 'boleto', 71.32, 117.80, 68, 10, NULL, 1),
  (9, 5, 'Combos', '750665585273', 'Vaso coleccionable', 'Servicio de ejemplo para cine, registro 9', 'Marca I', 'combo', 445.18, 684.71, 17, 4, NULL, 1),
  (10, 11, 'Bebidas', '750601645174', 'Póster edición especial', 'Servicio de ejemplo para cine, registro 10', 'Marca J', 'boleto', 401.49, 726.39, 150, 17, NULL, 1),
  (11, 18, 'Combos', '750734399876', 'Combo pareja', 'Servicio de ejemplo para cine, registro 11', 'Marca K', 'vaso', 89.72, 167.46, 171, 16, NULL, 1),
  (12, 10, 'Snacks', '750617169553', 'Agua embotellada', 'Servicio de ejemplo para cine, registro 12', 'Marca L', 'combo', 318.84, 531.09, 216, 5, NULL, 1),
  (13, 9, 'Combos', '750425958941', 'Boleto sala tradicional', 'Servicio de ejemplo para cine, registro 13', 'Marca M', 'pieza', 270.70, 402.74, 10, 19, NULL, 1),
  (14, 12, 'Snacks', '750603797467', 'Boleto sala VIP', 'Servicio de ejemplo para cine, registro 14', 'Marca N', 'pieza', 491.07, 884.50, 186, 18, NULL, 1),
  (15, 1, 'Bebidas', '750956808156', 'Combo palomitas grande', 'Servicio de ejemplo para cine, registro 15', 'Marca O', 'boleto', 568.70, 887.23, 162, 10, NULL, 1),
  (16, 7, 'Bebidas', '750701890658', 'Refresco jumbo', 'Servicio de ejemplo para cine, registro 16', 'Marca P', 'vaso', 480.09, 771.19, 111, 10, NULL, 1),
  (17, 13, 'Bebidas', '750336859315', 'Nachos con queso', 'Servicio de ejemplo para cine, registro 17', 'Marca Q', 'boleto', 106.33, 183.86, 30, 16, NULL, 0),
  (18, 26, 'Promociones', '750967126986', 'Hot dog', 'Servicio de ejemplo para cine, registro 18', 'Marca R', 'boleto', 378.94, 600.92, 82, 20, NULL, 1),
  (19, 28, 'Boletos', '750295858216', 'Palomitas medianas', 'Servicio de ejemplo para cine, registro 19', 'Marca S', 'combo', 487.20, 739.76, 84, 6, NULL, 1),
  (20, 9, 'Merchandise', '750768676781', 'Chocolate importado', 'Servicio de ejemplo para cine, registro 20', 'Marca T', 'vaso', 385.77, 637.11, 58, 13, NULL, 1),
  (21, 18, 'Boletos', '750299648970', 'Vaso coleccionable', 'Servicio de ejemplo para cine, registro 21', 'Marca U', 'pieza', 21.44, 27.49, 82, 11, NULL, 1),
  (22, 1, 'Combos', '750196848277', 'Póster edición especial', 'Servicio de ejemplo para cine, registro 22', 'Marca V', 'combo', 83.77, 128.58, 13, 18, NULL, 1),
  (23, 26, 'Bebidas', '750498784578', 'Combo pareja', 'Servicio de ejemplo para cine, registro 23', 'Marca W', 'vaso', 138.14, 210.41, 188, 4, NULL, 1),
  (24, 5, 'Boletos', '750386156035', 'Agua embotellada', 'Servicio de ejemplo para cine, registro 24', 'Marca X', 'vaso', 204.85, 368.38, 28, 20, NULL, 1),
  (25, 27, 'Snacks', '750977516280', 'Boleto sala tradicional', 'Servicio de ejemplo para cine, registro 25', 'Marca Y', 'vaso', 287.39, 395.14, 222, 3, NULL, 1),
  (26, 8, 'Bebidas', '750928096889', 'Boleto sala VIP', 'Servicio de ejemplo para cine, registro 26', 'Marca Z', 'vaso', 81.96, 143.37, 73, 4, NULL, 1),
  (27, 4, 'Promociones', '750815120513', 'Combo palomitas grande', 'Servicio de ejemplo para cine, registro 27', 'Marca A', 'combo', 127.52, 220.35, 131, 15, NULL, 1),
  (28, 11, 'Combos', '750775559969', 'Refresco jumbo', 'Servicio de ejemplo para cine, registro 28', 'Marca B', 'pieza', 412.05, 598.66, 200, 20, NULL, 1),
  (29, 21, 'Snacks', '750313377873', 'Nachos con queso', 'Servicio de ejemplo para cine, registro 29', 'Marca C', 'boleto', 317.35, 448.94, 237, 4, NULL, 1),
  (30, 4, 'Combos', '750779580831', 'Hot dog', 'Servicio de ejemplo para cine, registro 30', 'Marca D', 'vaso', 519.56, 723.00, 93, 3, NULL, 1);

INSERT INTO ventas (id, sucursal_id, empleado_id, cliente_id, folio, fecha_venta, metodo_pago, subtotal, descuento, impuesto, total, estatus) VALUES
  (1, 13, 4, 19, 'CINE-00001', '2025-03-27 20:17:00', 'Tarjeta débito', 333.40, 37.04, 53.34, 386.74, 'Cancelada'),
  (2, 30, 11, 20, 'CINE-00002', '2025-09-13 09:43:00', 'Tarjeta crédito', 2069.91, 108.97, 331.19, 2401.10, 'En proceso'),
  (3, 10, 18, 15, 'CINE-00003', '2025-01-21 15:45:00', 'Efectivo', 2742.27, 252.40, 438.75, 3181.02, 'Entregada'),
  (4, 29, 6, 24, 'CINE-00004', '2025-11-23 16:24:00', 'Tarjeta crédito', 1911.33, 0.00, 305.81, 2217.14, 'Pagada'),
  (5, 20, 5, 18, 'CINE-00005', '2025-12-16 15:49:00', 'Efectivo', 1386.88, 0.00, 221.90, 1608.78, 'Entregada'),
  (6, 27, 21, 19, 'CINE-00006', '2025-04-09 09:02:00', 'Efectivo', 2699.31, 0.00, 431.89, 3131.20, 'Pagada'),
  (7, 29, 24, 18, 'CINE-00007', '2025-11-24 08:23:00', 'Tarjeta crédito', 740.42, 11.02, 118.46, 858.88, 'Pagada'),
  (8, 17, 7, 7, 'CINE-00008', '2025-04-29 16:24:00', 'Efectivo', 1013.77, 71.55, 162.20, 1175.97, 'Entregada'),
  (9, 14, 12, 28, 'CINE-00009', '2025-06-11 16:20:00', 'Transferencia', 4100.01, 99.33, 656.00, 4756.01, 'En proceso'),
  (10, 28, 7, 8, 'CINE-00010', '2025-06-04 08:19:00', 'Transferencia', 1506.46, 0.00, 241.03, 1747.49, 'Cancelada'),
  (11, 3, 10, 26, 'CINE-00011', '2025-05-08 11:16:00', 'Efectivo', 4104.23, 366.53, 656.68, 4760.91, 'Cancelada'),
  (12, 14, 14, 27, 'CINE-00012', '2025-06-21 13:56:00', 'Transferencia', 1197.32, 0.00, 191.57, 1388.89, 'Pagada'),
  (13, 17, 11, 5, 'CINE-00013', '2025-06-13 16:36:00', 'Transferencia', 3321.91, 153.29, 531.50, 3853.41, 'Entregada'),
  (14, 25, 14, 17, 'CINE-00014', '2025-05-15 09:25:00', 'Efectivo', 4707.95, 176.11, 753.27, 5461.22, 'Cancelada'),
  (15, 21, 20, 12, 'CINE-00015', '2025-06-28 11:20:00', 'Tarjeta crédito', 1185.42, 0.00, 189.67, 1375.09, 'En proceso'),
  (16, 5, 12, 22, 'CINE-00016', '2026-02-23 11:12:00', 'Efectivo', 2526.98, 101.50, 404.32, 2931.30, 'Cancelada'),
  (17, 20, 16, 18, 'CINE-00017', '2025-09-25 20:16:00', 'Tarjeta crédito', 1249.55, 98.58, 199.93, 1449.48, 'Entregada'),
  (18, 10, 1, 4, 'CINE-00018', '2025-12-04 13:55:00', 'Transferencia', 1221.52, 20.14, 195.45, 1416.97, 'Pagada'),
  (19, 21, 12, 12, 'CINE-00019', '2025-01-10 13:43:00', 'Efectivo', 849.82, 55.16, 135.97, 985.79, 'Cancelada'),
  (20, 20, 22, 17, 'CINE-00020', '2025-02-14 19:24:00', 'Tarjeta débito', 3092.95, 288.91, 494.87, 3587.82, 'Entregada'),
  (21, 5, 25, 30, 'CINE-00021', '2025-09-26 10:27:00', 'Efectivo', 5798.78, 0.00, 927.80, 6726.58, 'Cancelada'),
  (22, 25, 1, 6, 'CINE-00022', '2025-04-07 09:08:00', 'Transferencia', 4862.92, 0.00, 778.07, 5640.99, 'Entregada'),
  (23, 14, 2, 8, 'CINE-00023', '2025-03-12 10:12:00', 'Tarjeta débito', 1952.10, 216.90, 312.34, 2264.44, 'Entregada'),
  (24, 28, 11, 23, 'CINE-00024', '2025-08-13 17:31:00', 'Tarjeta crédito', 1722.20, 191.36, 275.55, 1997.75, 'En proceso'),
  (25, 18, 17, 8, 'CINE-00025', '2026-03-26 08:56:00', 'Transferencia', 2482.15, 53.09, 397.14, 2879.29, 'En proceso'),
  (26, 23, 2, 30, 'CINE-00026', '2025-08-05 12:39:00', 'Transferencia', 4273.33, 177.45, 683.73, 4957.06, 'Cancelada'),
  (27, 30, 21, 23, 'CINE-00027', '2025-02-16 12:20:00', 'Transferencia', 1641.61, 96.33, 262.66, 1904.27, 'Entregada'),
  (28, 6, 5, 28, 'CINE-00028', '2025-12-04 10:10:00', 'Tarjeta débito', 4813.21, 159.26, 770.11, 5583.32, 'Pagada'),
  (29, 16, 22, 19, 'CINE-00029', '2025-09-10 11:13:00', 'Tarjeta débito', 2570.24, 88.72, 411.24, 2981.48, 'Pagada'),
  (30, 20, 27, 19, 'CINE-00030', '2026-03-14 08:42:00', 'Tarjeta débito', 818.16, 72.30, 130.90, 949.06, 'Entregada');

INSERT INTO detalle_venta (id, venta_id, producto_id, cantidad, precio_unitario, descuento, impuesto, subtotal, observaciones, entregado) VALUES
  (1, 1, 1, 1, 370.44, 37.04, 53.34, 386.74, 'Sin observaciones', 1),
  (2, 2, 2, 2, 530.86, 0.00, 169.88, 1231.60, 'Entrega inmediata', 0),
  (3, 2, 12, 2, 531.09, 106.22, 152.95, 1108.91, 'Cliente frecuente', 1),
  (4, 2, 21, 2, 27.49, 2.75, 8.36, 60.59, 'Entrega inmediata', 1),
  (5, 3, 23, 2, 210.41, 21.04, 63.96, 463.74, 'Cliente frecuente', 1),
  (6, 3, 16, 3, 771.19, 231.36, 333.15, 2415.36, 'Promoción aplicada', 1),
  (7, 3, 7, 3, 86.76, 0.00, 41.64, 301.92, 'Cliente frecuente', 0),
  (8, 4, 20, 3, 637.11, 0.00, 305.81, 2217.14, 'Cliente frecuente', 1),
  (9, 5, 11, 3, 167.46, 0.00, 80.38, 582.76, 'Entrega inmediata', 1),
  (10, 5, 14, 1, 884.50, 0.00, 141.52, 1026.02, 'Entrega inmediata', 1),
  (11, 6, 22, 3, 128.58, 0.00, 61.72, 447.46, 'Entrega inmediata', 1),
  (12, 6, 16, 3, 771.19, 0.00, 370.17, 2683.74, 'Sin observaciones', 1),
  (13, 7, 27, 1, 220.35, 11.02, 33.49, 242.82, 'Entrega inmediata', 1),
  (14, 7, 12, 1, 531.09, 0.00, 84.97, 616.06, 'Sin observaciones', 1),
  (15, 8, 8, 2, 117.80, 23.56, 33.93, 245.97, 'Entrega inmediata', 1),
  (16, 8, 19, 1, 739.76, 36.99, 112.44, 815.21, 'Promoción aplicada', 1),
  (17, 8, 21, 4, 27.49, 11.00, 15.83, 114.79, 'Cliente frecuente', 1),
  (18, 9, 14, 3, 884.50, 0.00, 424.56, 3078.06, 'Cliente frecuente', 0),
  (19, 9, 27, 2, 220.35, 44.07, 63.46, 460.09, 'Sin observaciones', 1),
  (20, 9, 24, 3, 368.38, 55.26, 167.98, 1217.86, 'Sin observaciones', 1),
  (21, 10, 1, 3, 370.44, 0.00, 177.81, 1289.13, 'Entrega inmediata', 1),
  (22, 10, 25, 1, 395.14, 0.00, 63.22, 458.36, 'Promoción aplicada', 1),
  (23, 11, 13, 2, 402.74, 0.00, 128.88, 934.36, 'Sin observaciones', 1),
  (24, 11, 19, 3, 739.76, 221.93, 319.58, 2316.93, 'Cliente frecuente', 0),
  (25, 11, 30, 2, 723.00, 144.60, 208.22, 1509.62, 'Sin observaciones', 1),
  (26, 12, 28, 2, 598.66, 0.00, 191.57, 1388.89, 'Promoción aplicada', 1),
  (27, 13, 8, 4, 117.80, 47.12, 67.85, 491.93, 'Entrega inmediata', 1),
  (28, 13, 5, 1, 880.56, 0.00, 140.89, 1021.45, 'Cliente frecuente', 1),
  (29, 13, 2, 4, 530.86, 106.17, 322.76, 2340.03, 'Sin observaciones', 1),
  (30, 14, 5, 2, 880.56, 176.11, 253.60, 1838.61, 'Cliente frecuente', 1),
  (31, 14, 25, 4, 395.14, 0.00, 252.89, 1833.45, 'Sin observaciones', 1),
  (32, 14, 16, 2, 771.19, 0.00, 246.78, 1789.16, 'Cliente frecuente', 1),
  (33, 15, 25, 3, 395.14, 0.00, 189.67, 1375.09, 'Entrega inmediata', 1),
  (34, 16, 28, 1, 598.66, 0.00, 95.79, 694.45, 'Cliente frecuente', 1),
  (35, 16, 3, 2, 662.25, 66.23, 201.32, 1459.59, 'Promoción aplicada', 1),
  (36, 16, 4, 1, 705.32, 35.27, 107.21, 777.26, 'Entrega inmediata', 1),
  (37, 17, 5, 1, 880.56, 88.06, 126.80, 919.30, 'Promoción aplicada', 0),
  (38, 17, 23, 1, 210.41, 10.52, 31.98, 231.87, 'Sin observaciones', 0),
  (39, 17, 22, 2, 128.58, 0.00, 41.15, 298.31, 'Promoción aplicada', 1),
  (40, 18, 13, 1, 402.74, 20.14, 61.22, 443.82, 'Sin observaciones', 1),
  (41, 18, 8, 4, 117.80, 0.00, 75.39, 546.59, 'Promoción aplicada', 1),
  (42, 18, 17, 2, 183.86, 0.00, 58.84, 426.56, 'Cliente frecuente', 1),
  (43, 19, 8, 3, 117.80, 0.00, 56.54, 409.94, 'Entrega inmediata', 1),
  (44, 19, 17, 3, 183.86, 55.16, 79.43, 575.85, 'Cliente frecuente', 1),
  (45, 20, 22, 2, 128.58, 0.00, 41.15, 298.31, 'Entrega inmediata', 1),
  (46, 20, 8, 4, 117.80, 23.56, 71.62, 519.26, 'Entrega inmediata', 1),
  (47, 20, 14, 3, 884.50, 265.35, 382.10, 2770.25, 'Promoción aplicada', 1),
  (48, 21, 30, 3, 723.00, 0.00, 347.04, 2516.04, 'Cliente frecuente', 1),
  (49, 21, 19, 1, 739.76, 0.00, 118.36, 858.12, 'Promoción aplicada', 1),
  (50, 21, 6, 3, 963.34, 0.00, 462.40, 3352.42, 'Promoción aplicada', 1),
  (51, 22, 20, 2, 637.11, 0.00, 203.88, 1478.10, 'Cliente frecuente', 1),
  (52, 22, 9, 2, 684.71, 0.00, 219.11, 1588.53, 'Promoción aplicada', 1),
  (53, 22, 19, 3, 739.76, 0.00, 355.08, 2574.36, 'Cliente frecuente', 1),
  (54, 23, 30, 3, 723.00, 216.90, 312.34, 2264.44, 'Entrega inmediata', 0),
  (55, 24, 29, 4, 448.94, 179.58, 258.59, 1874.77, 'Sin observaciones', 1),
  (56, 24, 8, 1, 117.80, 11.78, 16.96, 122.98, 'Cliente frecuente', 1),
  (57, 25, 24, 4, 368.38, 0.00, 235.76, 1709.28, 'Promoción aplicada', 1),
  (58, 25, 2, 2, 530.86, 53.09, 161.38, 1170.01, 'Promoción aplicada', 1),
  (59, 26, 29, 4, 448.94, 0.00, 287.32, 2083.08, 'Cliente frecuente', 0),
  (60, 26, 5, 1, 880.56, 0.00, 140.89, 1021.45, 'Cliente frecuente', 1),
  (61, 26, 15, 2, 887.23, 177.45, 255.52, 1852.53, 'Entrega inmediata', 1),
  (62, 27, 26, 1, 143.37, 0.00, 22.94, 166.31, 'Cliente frecuente', 1),
  (63, 27, 6, 1, 963.34, 96.33, 138.72, 1005.73, 'Sin observaciones', 1),
  (64, 27, 23, 3, 210.41, 0.00, 101.00, 732.23, 'Promoción aplicada', 1),
  (65, 28, 2, 3, 530.86, 159.26, 229.33, 1662.65, 'Promoción aplicada', 0),
  (66, 28, 14, 3, 884.50, 0.00, 424.56, 3078.06, 'Cliente frecuente', 1),
  (67, 28, 10, 1, 726.39, 0.00, 116.22, 842.61, 'Sin observaciones', 1),
  (68, 29, 14, 1, 884.50, 0.00, 141.52, 1026.02, 'Entrega inmediata', 1),
  (69, 29, 15, 2, 887.23, 88.72, 269.72, 1955.46, 'Promoción aplicada', 0),
  (70, 30, 11, 1, 167.46, 0.00, 26.79, 194.25, 'Promoción aplicada', 1),
  (71, 30, 30, 1, 723.00, 72.30, 104.11, 754.81, 'Entrega inmediata', 1);
